path,source,sha256,bytes
wayback/20080205/20080212055315_UnofficialSummaryReport8.pdf,https://web.archive.org/web/20080212055315/http://www.sfgov.org/site/uploadedfiles/elections/Announcements/PR2008/February5_%202008UnofficialSummaryReport8_%20for_%20theCityandCountyofSanFrancisco.pdf,1b3031e00456ba81cb0c4e10f9589e33b8c0fb6d2a97a7e1d9679f28cf37143c,104129
wayback/20100608/20100610232550_summary.php.html,https://web.archive.org/web/20100610232550/http://sfelections.org:80/results/20100608/summary.php,392f4f0711fda76cd93a3f2094d7945086b7ab1e333e6b7706afdbb587887e73,110615
wayback/20101102/20101105124135.html,https://web.archive.org/web/20101105124135/http://www.sfelections.org:80/results/20101102/,b7d747eb33756fb8840f1fad4daf06f7334f54bb14563d85ed25ad85147dc46b,68641
wayback/20101102/20101105124135_.html,https://web.archive.org/web/20101105124135/http://www.sfelections.org:80/results/20101102/,b7d747eb33756fb8840f1fad4daf06f7334f54bb14563d85ed25ad85147dc46b,68641
wayback/20101102/20101107190303.html,https://web.archive.org/web/20101107190303/http://www.sfelections.org:80/results/20101102/,788af57150061cdfb50e453371655b397395b0b5854969247e35d913701a6f29,69373
wayback/20101102/20101107190303_.html,https://web.archive.org/web/20101107190303/http://www.sfelections.org:80/results/20101102/,788af57150061cdfb50e453371655b397395b0b5854969247e35d913701a6f29,69373
wayback/20111108/20111110070445.html,https://web.archive.org/web/20111110070445/http://sfelections.org:80/results/20111108/,6053824dbd5f770ad25bd1a65b8e415ea7778c0ee7c5f4ba4053dca67129b4e2,21244
wayback/20111108/20111110070445_.html,https://web.archive.org/web/20111110070445/http://sfelections.org:80/results/20111108/,6053824dbd5f770ad25bd1a65b8e415ea7778c0ee7c5f4ba4053dca67129b4e2,21244
wayback/20111108/20111111002226.html,https://web.archive.org/web/20111111002226/http://www.sfelections.org:80/results/20111108/,ecd628b2512c6447e77da2a0fc9d1c8316462478f25dd19968f03c31d5fede8e,21253
wayback/20111108/20111111002226_.html,https://web.archive.org/web/20111111002226/http://www.sfelections.org:80/results/20111108/,ecd628b2512c6447e77da2a0fc9d1c8316462478f25dd19968f03c31d5fede8e,21253
wayback/20111108/20111112064924_index_ch.php.html,https://web.archive.org/web/20111112064924/http://www.sfelections.org:80/results/20111108/index_ch.php,d08b095001bd7a354d655482bcb95d8db744041dd2f7daa3ff824c3a2bae718b,20856
wayback/20111108/20111112065026_index_sp.php.html,https://web.archive.org/web/20111112065026/http://www.sfelections.org:80/results/20111108/index_sp.php,f3489c0c47b8a231de9b02fa260d625de43f6d5d7a4099b50934404f2890fbc4,22781
wayback/20111108/20111118222301.html,https://web.archive.org/web/20111118222301/http://sfelections.org:80/results/20111108/,6880fea1aa029000abb84b9d6521ceb678e278a96037e3807c04455dd6861163,21016
wayback/20111108/20111118222301_.html,https://web.archive.org/web/20111118222301/http://sfelections.org:80/results/20111108/,6880fea1aa029000abb84b9d6521ceb678e278a96037e3807c04455dd6861163,21016
wayback/20111108/20111127003453.html,https://web.archive.org/web/20111127003453/http://www.sfelections.org:80/results/20111108/,444fefe4313d622b37c64a0a7946d01a31f514e0f2e455f4036db19057b73080,21019
wayback/20111108/20111127003453_.html,https://web.archive.org/web/20111127003453/http://www.sfelections.org:80/results/20111108/,444fefe4313d622b37c64a0a7946d01a31f514e0f2e455f4036db19057b73080,21019
wayback/20120605/20120608225921.html,https://web.archive.org/web/20120608225921/http://www.sfelections.org:80/results/20120605/,41ad15dcca1cd06c68d9bd8b794b981d420487fe717afe2f0c568c543e4b854b,81467
wayback/20120605/20120608225921_.html,https://web.archive.org/web/20120608225921/http://www.sfelections.org:80/results/20120605/,41ad15dcca1cd06c68d9bd8b794b981d420487fe717afe2f0c568c543e4b854b,81467
wayback/20120605/20120609234942.html,https://web.archive.org/web/20120609234942/http://www.sfelections.org:80/results/20120605/,c0cc26d7beecc085fb6b772eaea0522d894d1b48cb069ef1a1cbc0515d65fb6c,81497
wayback/20120605/20120609234942_.html,https://web.archive.org/web/20120609234942/http://www.sfelections.org:80/results/20120605/,c0cc26d7beecc085fb6b772eaea0522d894d1b48cb069ef1a1cbc0515d65fb6c,81497
wayback/20120605/20120610012608_detail.php.html,https://web.archive.org/web/20120610012608/http://www.sfelections.org:80/results/20120605/detail.php,c284df4453cd0e558da4913ccbea367a3d5c92f28005818c07038057223cee07,2279
wayback/20120605/20120610012626.html,https://web.archive.org/web/20120610012626/http://www.sfelections.org:80/results/20120605/index.php,c0cc26d7beecc085fb6b772eaea0522d894d1b48cb069ef1a1cbc0515d65fb6c,81497
wayback/20120605/20120610012626_index.php.html,https://web.archive.org/web/20120610012626/http://www.sfelections.org:80/results/20120605/index.php,c0cc26d7beecc085fb6b772eaea0522d894d1b48cb069ef1a1cbc0515d65fb6c,81497
wayback/20120605/20120610012743_index_ch.php.html,https://web.archive.org/web/20120610012743/http://www.sfelections.org:80/results/20120605/index_ch.php,22238b23359ab63d3ac7f194579480063344b6797e08e3868db047d7a7ec8a28,81057
wayback/20120605/20120610012748_index_sp.php.html,https://web.archive.org/web/20120610012748/http://www.sfelections.org:80/results/20120605/index_sp.php,3d058d289da388af23793feea83292e864cf6b99168fc346f88c6d2182e71d6b,82498
wayback/20120605/20120617010717.html,https://web.archive.org/web/20120617010717/http://www.sfelections.org/results/20120605/,595b7daadc88d14e01d5e564beefae7cb1b122596bd6178f4bd9a9923db058ea,81513
wayback/20120605/20120617010717_.html,https://web.archive.org/web/20120617010717/http://www.sfelections.org/results/20120605/,595b7daadc88d14e01d5e564beefae7cb1b122596bd6178f4bd9a9923db058ea,81513
wayback/20120605/20120617010719.html,https://web.archive.org/web/20120617010719/http://www.sfelections.org/results/20120605/index.php,595b7daadc88d14e01d5e564beefae7cb1b122596bd6178f4bd9a9923db058ea,81513
wayback/20120605/20120617010719_index.php.html,https://web.archive.org/web/20120617010719/http://www.sfelections.org/results/20120605/index.php,595b7daadc88d14e01d5e564beefae7cb1b122596bd6178f4bd9a9923db058ea,81513
wayback/20120605/20120617010720_detail.php.html,https://web.archive.org/web/20120617010720/http://www.sfelections.org/results/20120605/detail.php,babd6c8766e47910f552a3734b27f895a62238a00ab7f559223f6b459adf11f2,2255
wayback/20120605/20120617010725_index_ch.php.html,https://web.archive.org/web/20120617010725/http://www.sfelections.org/results/20120605/index_ch.php,7510450e73a458c9e364790bcaa01bc03992e66455b6f22b52a986a3a198ea45,81073
wayback/20120605/20120617010726_index_sp.php.html,https://web.archive.org/web/20120617010726/http://www.sfelections.org/results/20120605/index_sp.php,007b5a2558c7ebef16517c42eb49fcc6a6bd84c6cb10b7c25739ff7e8e77283d,82514
wayback/20120605/20120617010728_detail_ch.php.html,https://web.archive.org/web/20120617010728/http://www.sfelections.org/results/20120605/detail_ch.php,022aa1a65dc801c47ba9b49a09573e3820a560122ac4368267d0066facd73f2e,1654
wayback/20120605/20120617010729_detail_sp.php.html,https://web.archive.org/web/20120617010729/http://www.sfelections.org/results/20120605/detail_sp.php,a84bf036fcad9f685da86529d7430fc6b1c69db352e58f66bc81b808429b69e9,1694
wayback/20120605/20120716225316.html,https://web.archive.org/web/20120716225316/http://www.sfelections.org/results/20120605/,ce1864854560f1aa27fc1c6f1a40d19dd4c8c7ff07ff0950a278b16b6ba1bd47,82541
wayback/20120605/20120716225316_.html,https://web.archive.org/web/20120716225316/http://www.sfelections.org/results/20120605/,ce1864854560f1aa27fc1c6f1a40d19dd4c8c7ff07ff0950a278b16b6ba1bd47,82541
wayback/20120605/20120716225336.html,https://web.archive.org/web/20120716225336/http://www.sfelections.org/results/20120605/index.php,ce1864854560f1aa27fc1c6f1a40d19dd4c8c7ff07ff0950a278b16b6ba1bd47,82541
wayback/20120605/20120716225336_index.php.html,https://web.archive.org/web/20120716225336/http://www.sfelections.org/results/20120605/index.php,ce1864854560f1aa27fc1c6f1a40d19dd4c8c7ff07ff0950a278b16b6ba1bd47,82541
wayback/20120605/20120716225337_detail.php.html,https://web.archive.org/web/20120716225337/http://www.sfelections.org/results/20120605/detail.php,d764214760cf11f75d192bd5e01db79e82709f7c9c8da4b2260d0a17c3d34a6f,2219
wayback/20120605/20120716225342_index_ch.php.html,https://web.archive.org/web/20120716225342/http://www.sfelections.org/results/20120605/index_ch.php,cc6fc06fd0b67004c65d32d1eed8c5d1f1ceaabce67b06ee28992039474348bf,82528
wayback/20120605/20120716225343_index_sp.php.html,https://web.archive.org/web/20120716225343/http://www.sfelections.org/results/20120605/index_sp.php,c5937d9d1a816bd65d22c223c97e5dc745505fbb68c7a08afc036286f54a4ef7,83969
wayback/20121106/20121107165615.html,https://web.archive.org/web/20121107165615/http://sfelections.org/results/20121106/index.php,a755eed09b508a4febdf5549f45f806dd937838cf2e0eb7b60578fa1bb4d71b7,92976
wayback/20121106/20121107165615_index.php.html,https://web.archive.org/web/20121107165615/http://sfelections.org/results/20121106/index.php,a755eed09b508a4febdf5549f45f806dd937838cf2e0eb7b60578fa1bb4d71b7,92976
wayback/20121106/20121109165128.html,https://web.archive.org/web/20121109165128/http://sfelections.org:80/results/20121106/index.php,2bf9b750a17f0ef2b03091a934c2d7e94df893d99f37247970a64b6401408fd2,93341
wayback/20121106/20121109165128_index.php.html,https://web.archive.org/web/20121109165128/http://sfelections.org:80/results/20121106/index.php,2bf9b750a17f0ef2b03091a934c2d7e94df893d99f37247970a64b6401408fd2,93341
wayback/20121106/20121110054934.html,https://web.archive.org/web/20121110054934/http://sfelections.org:80/results/20121106/index.php,2e4d144826c05a4d9300fe7f1c0a5a9487b3f17527b83d6c19daa9f24339aaaa,93529
wayback/20121106/20121110054934_index.php.html,https://web.archive.org/web/20121110054934/http://sfelections.org:80/results/20121106/index.php,2e4d144826c05a4d9300fe7f1c0a5a9487b3f17527b83d6c19daa9f24339aaaa,93529
wayback/20121106/20121112020016.html,https://web.archive.org/web/20121112020016/http://sfelections.org/results/20121106/,56505183b38c9f5534f91e8f7f2a9fdab13248756a25eb3b79810328a1dc7c8a,94033
wayback/20121106/20121112020016_.html,https://web.archive.org/web/20121112020016/http://sfelections.org/results/20121106/,56505183b38c9f5534f91e8f7f2a9fdab13248756a25eb3b79810328a1dc7c8a,94033
wayback/20121106/20121112140832_index_ch.php.html,https://web.archive.org/web/20121112140832/http://sfelections.org:80/results/20121106/index_ch.php,0527274a71908b1ae763694eecc12831a3f2b9128435b54146d66b8cb65ee76a,93220
wayback/20121106/20121112141055_index_sp.php.html,https://web.archive.org/web/20121112141055/http://sfelections.org:80/results/20121106/index_sp.php,d0b3eaef5349e20b425cd2bb4bb5035c95d5e58d43b36622996e33b4d711d047,96194
wayback/20121106/20121115094436.html,https://web.archive.org/web/20121115094436/http://www.sfelections.org:80/results/20121106/,98357da830a8a356c51fc10af0e284f3b81f4b0376db992cc86871e2446bab81,94616
wayback/20121106/20121115094436_.html,https://web.archive.org/web/20121115094436/http://www.sfelections.org:80/results/20121106/,98357da830a8a356c51fc10af0e284f3b81f4b0376db992cc86871e2446bab81,94616
wayback/20121106/20121120185014.html,https://web.archive.org/web/20121120185014/http://sfelections.org/results/20121106/index.php,cad2b2d9d47b9460a6e22642bb6db6a1fe7b7c099a694b3f0f8c51cb5c580ecb,98981
wayback/20121106/20121120185014_index.php.html,https://web.archive.org/web/20121120185014/http://sfelections.org/results/20121106/index.php,cad2b2d9d47b9460a6e22642bb6db6a1fe7b7c099a694b3f0f8c51cb5c580ecb,98981
wayback/20121106/20121128022737.html,https://web.archive.org/web/20121128022737/http://sfelections.org/results/20121106/index.php,b9d375c8df40ba68fce5c887fd04e66fa5b67e7a52f6f0a41fee0fb9add5912e,100019
wayback/20121106/20121128022737_index.php.html,https://web.archive.org/web/20121128022737/http://sfelections.org/results/20121106/index.php,b9d375c8df40ba68fce5c887fd04e66fa5b67e7a52f6f0a41fee0fb9add5912e,100019
wayback/20121106/20121201174351.html,https://web.archive.org/web/20121201174351/http://www.sfelections.org/results/20121106/,b9d375c8df40ba68fce5c887fd04e66fa5b67e7a52f6f0a41fee0fb9add5912e,100019
wayback/20121106/20121201174351_.html,https://web.archive.org/web/20121201174351/http://www.sfelections.org/results/20121106/,b9d375c8df40ba68fce5c887fd04e66fa5b67e7a52f6f0a41fee0fb9add5912e,100019
wayback/20121106/20121201174422_index_ch.php.html,https://web.archive.org/web/20121201174422/http://www.sfelections.org/results/20121106/index_ch.php,8858d7ce184c26e72c5f9118dbf366830d0b7704037700a06558dd9bc3850342,100443
wayback/20121106/20121201174422_index_sp.php.html,https://web.archive.org/web/20121201174422/http://www.sfelections.org/results/20121106/index_sp.php,05839fb83133d65ef4f3f0c6d3a7ba77e44b94dce18d2d04de4d7c9ee39dbc16,103220
wayback/20131105/20131109013913.html,https://web.archive.org/web/20131109013913/http://sfelections.org/results/20131105/,e399c8d2828d9967bbe26a1ecb120e68690f3f55f110859fb744fdc1e43d1fde,23576
wayback/20131105/20131109013913_.html,https://web.archive.org/web/20131109013913/http://sfelections.org:80/results/20131105/,e399c8d2828d9967bbe26a1ecb120e68690f3f55f110859fb744fdc1e43d1fde,23576
wayback/20131105/20131110184521.html,https://web.archive.org/web/20131110184521/http://www.sfelections.org/results/20131105/index.php,e399c8d2828d9967bbe26a1ecb120e68690f3f55f110859fb744fdc1e43d1fde,23576
wayback/20131105/20131110184521_index.php.html,https://web.archive.org/web/20131110184521/http://sfelections.org:80/results/20131105/index.php,e399c8d2828d9967bbe26a1ecb120e68690f3f55f110859fb744fdc1e43d1fde,23576
wayback/20131105/20131110184551_index_ch.php.html,https://web.archive.org/web/20131110184551/http://sfelections.org:80/results/20131105/index_ch.php,71877f8845b2d5ac759e7e8920afb5712b550a9f8767293666e6ea4c0935524a,22696
wayback/20131105/20131110184556_index_sp.php.html,https://web.archive.org/web/20131110184556/http://sfelections.org:80/results/20131105/index_sp.php,759e4efc4bc123364760a8bac6775f6b0ad555925e11e070409743cebccf8502,24588
wayback/20131105/20131203165834.html,https://web.archive.org/web/20131203165834/http://www.sfelections.org/results/20131105/,c0ba0fab9f065b4cf0be9c717f67c35b13826ccfbdb9c91de716723331974716,23509
wayback/20131105/20131203165834_.html,https://web.archive.org/web/20131203165834/http://www.sfelections.org/results/20131105/,c0ba0fab9f065b4cf0be9c717f67c35b13826ccfbdb9c91de716723331974716,23509
wayback/20131105/20131203165945_index_ch.php.html,https://web.archive.org/web/20131203165945/http://www.sfelections.org/results/20131105/index_ch.php,34b7a196fbf8ba483eb884c9f8d2b453404de635935d288019d8602f015f6524,22541
wayback/20131105/20131203165946_index_sp.php.html,https://web.archive.org/web/20131203165946/http://www.sfelections.org/results/20131105/index_sp.php,74750e89de4a9833f434c2ef2fc6ae8f591379fc19481adf802dcbf1900a5b8d,24433
wayback/20140603/20140608000135.html,https://web.archive.org/web/20140608000135/http://www.sfelections.org:80/results/20140603/,faff5f90fb6cd665be10caadafa3efbc9a0340682d950984b52ce698faf2cf59,61791
wayback/20140603/20140608000135_.html,https://web.archive.org/web/20140608000135/http://www.sfelections.org:80/results/20140603/,faff5f90fb6cd665be10caadafa3efbc9a0340682d950984b52ce698faf2cf59,61791
wayback/20140603/20140629063326.html,https://web.archive.org/web/20140629063326/http://sfelections.org/results/20140603/,69afb97dee9741303907352c0d9ae9c50b794dbcae8c4947ac5bc88879a7384b,63350
wayback/20140603/20140629063326_.html,https://web.archive.org/web/20140629063326/http://sfelections.org/results/20140603/,69afb97dee9741303907352c0d9ae9c50b794dbcae8c4947ac5bc88879a7384b,63350
wayback/20140603/20140701000632_index_ch.php.html,https://web.archive.org/web/20140701000632/http://www.sfelections.org/results/20140603/index_ch.php,fff50d595927cad77a2816defe393adf3157bec3242e932d871f9e9765255ad0,62195
wayback/20140603/20140701000635_index_sp.php.html,https://web.archive.org/web/20140701000635/http://www.sfelections.org/results/20140603/index_sp.php,f1811d1cd77e445c964438d4359cec574369fbaddeebe8dd457cb5eb483ebc7a,64686
wayback/20140603/20140708190815_index.php.html,https://web.archive.org/web/20140708190815/http://sfelections.org/results/20140603/index.php,69afb97dee9741303907352c0d9ae9c50b794dbcae8c4947ac5bc88879a7384b,63350
wayback/20141104/20141105160259.html,https://web.archive.org/web/20141105160259/http://www.sfelections.org/results/20141104/index.php,6613fde8f7599c2786681fcdc950875bb433c0c94c1fcdcb993184c43dc0994b,130578
wayback/20141104/20141105160259_index.php.html,https://web.archive.org/web/20141105160259/http://www.sfelections.org/results/20141104/index.php,6613fde8f7599c2786681fcdc950875bb433c0c94c1fcdcb993184c43dc0994b,130578
wayback/20141104/20141105182011.html,https://web.archive.org/web/20141105182011/http://sfelections.org/results/20141104/,7040a22f403795731d01c70c3aebd2de8faaea5c925834a2640910cf749b10d2,130777
wayback/20141104/20141105182011_.html,https://web.archive.org/web/20141105182011/http://www.sfelections.org/results/20141104/,7040a22f403795731d01c70c3aebd2de8faaea5c925834a2640910cf749b10d2,130777
wayback/20141104/20141105182131_index_ch.php.html,https://web.archive.org/web/20141105182131/http://www.sfelections.org/results/20141104/index_ch.php,2b946c069ec7666142b624a0d3ecf1b4ee4db8f86c05674b82afe379d01561fe,128776
wayback/20141104/20141105182132_index_sp.php.html,https://web.archive.org/web/20141105182132/http://www.sfelections.org/results/20141104/index_sp.php,aae7fd8b618e0b47da5b902f8b52977462510913c5c935d3616110381ccee1fe,134530
wayback/20141104/20141106173520.html,https://web.archive.org/web/20141106173520/http://sfelections.org/results/20141104/,8396a67d03616ab76a206c61be7d8fde2eb06ecd555994b0d89d2cfd3bc9d40f,121326
wayback/20141104/20141106173520_.html,https://web.archive.org/web/20141106173520/http://www.sfelections.org:80/results/20141104/,8396a67d03616ab76a206c61be7d8fde2eb06ecd555994b0d89d2cfd3bc9d40f,121326
wayback/20141104/20141106233339.html,https://web.archive.org/web/20141106233339/http://www.sfelections.org/results/20141104/index.php,9528fbd2fbfdd225053b36b2243b9ed1b51debf6176fd3c3b2fcdf905dceede6,121465
wayback/20141104/20141106233339_.html,https://web.archive.org/web/20141106233339/http://www.sfelections.org/results/20141104/,59dd8cc59d50ba6e5e37b07eedd65d4041a6f5d2a991eaa105813ad5ea4f010d,121503
wayback/20141104/20141107033637_index_sp.php.html,https://web.archive.org/web/20141107033637/http://www.sfelections.org/results/20141104/index_sp.php,2a77fe0cf497fbc74bcdf5fe88a52890923b4cae9603e893e8bc8a6edb1ed016,124791
wayback/20141104/20141107033643.html,https://web.archive.org/web/20141107033643/http://www.sfelections.org/results/20141104/index.php,9528fbd2fbfdd225053b36b2243b9ed1b51debf6176fd3c3b2fcdf905dceede6,121465
wayback/20141104/20141107033643_index.php.html,https://web.archive.org/web/20141107033643/http://www.sfelections.org/results/20141104/index.php,9528fbd2fbfdd225053b36b2243b9ed1b51debf6176fd3c3b2fcdf905dceede6,121465
wayback/20141104/20141107040421_index_ch.php.html,https://web.archive.org/web/20141107040421/http://www.sfelections.org/results/20141104/index_ch.php,602dd1fde1b6b170d279e5b9a82269cbb6a2b57a950e227578f90f1236d08519,119169
wayback/20141104/20141110091018_index_ch.php.html,https://web.archive.org/web/20141110091018/http://www.sfelections.org:80/results/20141104/index_ch.php,ab5cef0fe7e8cc08876358dd0faafc6b812b3a76ce034ae17b91efb2c2f19e62,119246
wayback/20141104/20141118051150_index_sp.php.html,https://web.archive.org/web/20141118051150/http://www.sfelections.org:80/results/20141104/index_sp.php,8e3a84fe827de783714ebf6bdee5b3889bf3578d827e9e274f831b4cf866e3b3,126164
wayback/20141104/20141119020018.html,https://web.archive.org/web/20141119020018/http://sfelections.org/results/20141104/,958e5f91d45455d8215f700c8216913f8e975581c65751f1be9f90552e3b218e,121957
wayback/20141104/20141119020018_.html,https://web.archive.org/web/20141119020018/http://www.sfelections.org:80/results/20141104/,958e5f91d45455d8215f700c8216913f8e975581c65751f1be9f90552e3b218e,121957
wayback/20141104/20141130070727.html,https://web.archive.org/web/20141130070727/http://sfelections.org/results/20141104/,3696877efca5f640a609c7ec0083f6aa4d65a39709d178ff16ecfcd8f42e17cc,121844
wayback/20141104/20141130070727_.html,https://web.archive.org/web/20141130070727/http://www.sfelections.org/results/20141104/,3696877efca5f640a609c7ec0083f6aa4d65a39709d178ff16ecfcd8f42e17cc,121844
wayback/20141104/20141205183118_index_ch.php.html,https://web.archive.org/web/20141205183118/http://www.sfelections.org/results/20141104/index_ch.php,55bae5154bb4f0cfa75000aa82eca75cb1f58693efa85fbbb9330ad09493b498,120431
wayback/20141104/20141205183119_index_sp.php.html,https://web.archive.org/web/20141205183119/http://www.sfelections.org/results/20141104/index_sp.php,2e2aaf6b9898ab8bc5195dc4e2f08a350f507647f3bfbdc1e7f589c809d0b28c,126050
wayback-era-a/19990421191739_www.ci.sf.ca.us_80_election_eresults.html.html,,a55da13fbb847e43c5dd000679ff9adfb04f49ae379a4656401b49fcbd023810,1482
wayback-era-a/19991230124158_www.ci.sf.ca.us_80_election_eresults.htm.html,,787316598fc52393a971f764e6088de22afebe88e7d866799525c70ff239702d,1662
wayback-era-a/20010118230600_www.ci.sf.ca.us_80_election_eresults.htm.html,https://web.archive.org/web/20010118230600/http://www.ci.sf.ca.us:80/election/eresults.htm,787316598fc52393a971f764e6088de22afebe88e7d866799525c70ff239702d,1662
wayback-era-a/20020416181609_www.sfgov.org_80_election_results0302_statistics.htm.html,https://web.archive.org/web/20020416181609/http://www.sfgov.org:80/election/results0302/statistics.htm,3f387899e61a89f9292f4cd2c1e1e45fddecdb7791815a3dea934f554c1a2904,9303
wayback-era-a/20021104012234_www.sfgov.org_80_election_docs_turnout.htm.html,https://web.archive.org/web/20021104012234/http://www.sfgov.org:80/election/docs/turnout.htm,712e4a538afcf5754c8bfb6033c2db8fe7f2cd4ff4ec5437edf36076c22690c6,47825
wayback-era-a/20021117121822_www.sfgov.org_80_election_results1102_results.htm.html,https://web.archive.org/web/20021117121822/http://www.sfgov.org:80/election/results1102/results.htm,9cb84101a49bfd608e847ba0748a5611ea82443cdb03b672f3b604d8c4621a9e,25985
wayback-era-a/20021117121823_www.sfgov.org_80_election_results1102_statistics.htm.html,https://web.archive.org/web/20021117121823/http://www.sfgov.org:80/election/results1102/statistics.htm,aaa9a40b30ead4b52a93bab24ee7cdcad5147297c5930228b0030638c6e8626e,9348
wayback-era-a/20021203020353_www.sfgov.org_80_election_results1102_results.htm.html,https://web.archive.org/web/20021203020353/http://www.sfgov.org:80/election/results1102/results.htm,1db9433c5a4b224ec08253a8ed1660e8fc4146f9c373a9498fe249b5dd7650e8,25985
wayback-era-a/20021203034538_www.sfgov.org_80_election_results1102_statistics.htm.html,https://web.archive.org/web/20021203034538/http://www.sfgov.org:80/election/results1102/statistics.htm,301153603d334f307fb548d5fe27894c221f339d6b893271171796ab20aaac1a,9348
wayback-era-a/20030111054554_www.sfgov.org_80_election_results1202_statistics.htm.html,https://web.archive.org/web/20030111054554/http://www.sfgov.org:80/election/results1202/statistics.htm,af082c8cfb94f99a53f0e9b210fe2e41b26858edf6796df092a691bbe1ecfeb2,8409
wayback-era-a/20031025192134_election_archive_index_asp_id_10587.html,,8bac39fbfef0d978b6ea5342dfe1feaad788c88450ccbc5d9721ca8b17dd341c,13052
wayback-era-a/20031202015620_election_index_asp.html,,474bb7f03ed38b27bc18dfc1a310cc4dbd60a47e46c42693dab4200b269b756e,25995
wayback-era-a/20031230010805_election_archive_index_asp_id_10587.html,,463b47e479a957f3898ad59dce750115c6c9e0c015d17b5fa4260bdd3ef37812,13205
wayback-era-a/20041112044757_election_index.asp.html,https://web.archive.org/web/20041112044757/http://www.sfgov.org:80/site/election_index.asp,7ae957d4e962c93ec5751b3c498a392667404241103088873e66f299c7dd803d,24755
wayback-era-a/2004results.html,https://web.archive.org/web/20060702111135/http://www.sfgov.org:80/site/uploadedfiles/election/2004results.htm,3895b84905546086a1d7efef2f647f9d98a8f79bbc9266c40933da2a094792d8,19797
wayback-era-a/2005results.html,https://web.archive.org/web/20060704153423/http://sfgov.org/site/uploadedfiles/election/2005results.htm,772c0d00f1c1444429c439a441c0f09e9e036cf8372d6d17ae38d0bea88002d3,7213
wayback-era-a/Nov2004SOV.txt,https://web.archive.org/web/20041205034442/http://www.sfgov.org:80/site/uploadedfiles/election/Guides/Nov2004SOV.txt,0715ee075b389c4d31e0d78f41f827bbdf6ff21c223b3593317dff332d0d5a83,3721289
wayback-era-a/election_index_20001117.html,https://web.archive.org/web/20001117002500/http://www.ci.sf.ca.us:80/election/index.htm,b3b30eaa21dca4f282d0c768e780554b575d2e047f8853d2807781e54cd8adf8,7141
wayback-era-a/election_index_20001205.html,https://web.archive.org/web/20001205225200/http://www.ci.sf.ca.us:80/election/index.htm,6ae01c29125ddea69a355b74a8f4d0d3cbb8f67e0c161c2013043c64c4721ec4,7813
wayback-era-a/nstats_20041104.html,https://web.archive.org/web/20041104022244/http://www.sfgov.org:80/site/uploadedfiles/election/nstats.htm,0feee0cf9dc8b6f68587cb0d9f18bc7f47153199b8be76fb4f58e1f142d20a10,6295
wayback-era-a/nstats_20041116.html,https://web.archive.org/web/20041116033707/http://www.sfgov.org:80/site/uploadedfiles/election/nstats.htm,c6165eca0888103aac8bd803b20f3ee46a9787e9dfff66c76abc0788ca515ca8,6295
wayback-era-a/nstats_20051122.html,https://web.archive.org/web/20051122170706/http://www.sfgov.org:80/site/uploadedfiles/election/nstats.htm,bd7cb99e31d42e1f7c864b9386291fee286b70f0855620cc27b3078901b4b2f7,5074
wayback-era-a/nstats_20051125.html,https://web.archive.org/web/20051125172057/http://www.sfgov.org:80/site/uploadedfiles/election/nstats.htm,903316ee503df479c4ce452621920b6b592e60cbb03fc4acc79624f4d47ee9f7,5074
wayback-era-a/domino/19981203163145_http___civiccenter_ci_sf_ca_us_80_election_eresults_nsf.html,https://web.archive.org/web/19981203163145/,2be1f6c06039ea102ab6563e45eabfc0609a7092e5b9c007c1b7b0922629d35c,5299
wayback-era-a/domino/19991102232719_f8b3ab2616b5d297882566b1007bec39_bdb51c2940052055882566b2001.html,https://web.archive.org/web/19991102232719/,db05fc8623c7adbc4f2cc8e2e52da55cbdf348367c86316bd3beefb1f60c494e,347
wayback-era-a/domino/19991102233617_3cf295572f1d7191882566b1007bec31_81ec5414f2cbb02c882566b2001.html,https://web.archive.org/web/19991102233617/,3777ff7a385959f77cc5d2ed325ebbc212f1706004951b3fb7f8e0b9e7cfa36b,340
wayback-era-a/domino/19991102235405_3cf295572f1d7191882566b1007bec31_97fb10da19939098882566b2001.html,https://web.archive.org/web/19991102235405/,b2f3096dfd36deb6081360c05f2d2abce9b76ac10e38f375757c6c639e478bfd,347
wayback-era-a/domino/19991103000528_f8b3ab2616b5d297882566b1007bec39_cbd6c0093db5a5c4882566b2001.html,https://web.archive.org/web/19991103000528/,de74ab82a973b89f5cb7cb938d8c5886869afb7274e9da7cb073b63ef7629203,349
wayback-era-a/domino/19991103002402_87c6a738c9e26cc6882566b4.html,https://web.archive.org/web/19991103002402/,a27f0423a0cbc1df46361c8a9e25df6c8c4e579e7a149ca929e87130e0479f60,3321
wayback-era-a/domino/19991103002402_87c6a738c9e26cc6882566b40062e988.html,https://web.archive.org/web/19991103002402/,a27f0423a0cbc1df46361c8a9e25df6c8c4e579e7a149ca929e87130e0479f60,3321
wayback-era-a/domino/19991103003213_87c6a738c9e26cc6882566b40062e988_68dc59f5705ed666882566b2001.html,https://web.archive.org/web/19991103003213/,cbf9b5ec0463149c806ce0011380b08cdd7afe7bae80b8c0c3a2b17893fa0ad1,349
wayback-era-a/domino/19991103003422_3cf295572f1d7191882566b1007bec31_9d5e0530e99986c4882566b2001.html,https://web.archive.org/web/19991103003422/,a196cacfc247751c51b71f7546c32c4091912318376c12f4d974587aeb676de0,335
wayback-era-a/domino/19991103003542_f8b3ab2616b5d297882566b1007bec39_f053ac27672784d4882566b2001.html,https://web.archive.org/web/19991103003542/,c6b20452c91efee8eec0867c620d24dc54b536f28e19ef0b160018ae8cbda022,345
wayback-era-a/domino/19991103012016_3cf295572f1d7191882566b1007bec31_a1b18d386ce5cbee882566b2001.html,https://web.archive.org/web/19991103012016/,68a17c1ec987b08bad890bf69c36a92aa6a305682189d688ab0d46c91c80d981,346
wayback-era-a/domino/19991103013257_87c6a738c9e26cc6882566b40062e988_992a3bbdc1fb49b2882566b2001.html,https://web.archive.org/web/19991103013257/,a2a4281b2dde5865679624e30d9e29e09e569ccb09f61853d7b9d6398276f341,349
wayback-era-a/domino/19991103013824_f8b3ab2616b5d297882566b1007bec39_OpenView_Start_1_Count_30_C.html,https://web.archive.org/web/19991103013824/,8a9a31e029fa493fb03b74c9863249f997048abdde702759758fb6ad1f886729,2782
wayback-era-a/domino/19991124082111_http___civiccenter_ci_sf_ca_us_80_election_EResults_nsf_b213.html,https://web.archive.org/web/19991124082111/,8be755b99748a22172a21cd95d1cd855b9930b003dd5b118acd09fe92d88e71e,341
wayback-era-a/domino/19991124085439_http___civiccenter_ci_sf_ca_us_80_election_EResults_nsf_b213.html,https://web.archive.org/web/19991124085439/,2c534df4f2df2869740689cf2531584df05abf749b9ca34c7d587f941b0b00b7,340
wayback-era-a/domino/19991124095347_http___civiccenter_ci_sf_ca_us_80_election_EResults_nsf_b59e.html,https://web.archive.org/web/19991124095347/,01be4688eb7ee2b0b17fdfec4da98a489df4eb4cf75982d770c353b0cd05d15e,350
wayback-era-a/domino/19991124104824_http___civiccenter_ci_sf_ca_us_80_election_EResults_nsf_b59e.html,https://web.archive.org/web/19991124104824/,5c0add9b1b6ae6b870a072e4a3f8f9511325c7b6ba183529a2c967fe71be6172,350
wayback-era-a/domino/19991124112944_http___civiccenter_ci_sf_ca_us_80_election_EResults_nsf_b59e.html,https://web.archive.org/web/19991124112944/,f7af9cd0d97ee3781f9d695b7f60dfe54cf5d01e61a85f022b047cae9bc47ce2,350
wayback-era-a/domino/19991124122628_http___civiccenter_ci_sf_ca_us_80_election_EResults_nsf_b59e.html,https://web.archive.org/web/19991124122628/,ada828f53709c488afead8b0dcdebf618d013aa956606494152458db72f4dd7b,350
wayback-era-a/domino/19991124132427_http___civiccenter_ci_sf_ca_us_80_election_EResults_nsf_b59e.html,https://web.archive.org/web/19991124132427/,3b188db3b93897d42c56a47842fb9812e5bba61719ef1916e7a72854a4ac3e74,350
wayback-era-a/domino/19991124135738_http___civiccenter_ci_sf_ca_us_80_election_EResults_nsf_b59e.html,https://web.archive.org/web/19991124135738/,f6391baed8ec80db8530d6536d9411ea5487267a12b0993b5c6a0c3433ede654,350
wayback-era-a/domino/19991124163227_b213766ce43e9fba882566b1007bec3b_OpenView_Start_1_Count_30_E.html,https://web.archive.org/web/19991124163227/,811bd302d089bf7f512802ffc2e5245c2c1b0495bc874b3735c413e73adcc6de,6749
wayback-era-a/domino/19991124172411_b213766ce43e9fba882566b1007bec3b_OpenView_Start_1_Count_30_E.html,https://web.archive.org/web/19991124172411/,97ad59342646d7914498170bd79468ee287c50cea8e470c0b7a43f431164668c,6742
wayback-era-a/domino/19991124180900_b213766ce43e9fba882566b1007bec3b_OpenView_Start_1_Count_30_E.html,https://web.archive.org/web/19991124180900/,10de76145ef3f571c508320cb19596acfa280e159d07ae1ee353b48a22a08b0b,6742
wayback-era-a/domino/19991124190751_b213766ce43e9fba882566b1007bec3b_OpenView_Start_1_Count_30_E.html,https://web.archive.org/web/19991124190751/,fa8390581ba72e7eb62a5f03833484d4db0ec1d2716262cf0c174c67bab77b79,6742
wayback-era-a/domino/19991124195839_b213766ce43e9fba882566b1007bec3b_OpenView_Start_1_Count_30_E.html,https://web.archive.org/web/19991124195839/,cb655d18dd377ef5ab4d29b66882acb36195ea9e71d5609108ae2e9eeedfb4d8,6742
wayback-era-a/domino/19991124204628_b213766ce43e9fba882566b1007bec3b_OpenView_Start_1_Count_30_E.html,https://web.archive.org/web/19991124204628/,44dfcaedd341de611252e191de07b6d3ca23ee4c478cbc53ddc20f1c5aee2b8d,6742
wayback-era-a/domino/19991124212650_b213766ce43e9fba882566b1007bec3b_OpenView_Start_1_Count_30_E.html,https://web.archive.org/web/19991124212650/,cc78395491cba8d21648998fb6f60964dde9352024221c635688142a6528c15d,6742
wayback-era-a/domino/19991124220716_b213766ce43e9fba882566b1007bec3b_OpenView_Start_1_Count_30_E.html,https://web.archive.org/web/19991124220716/,184c77838c48f5463714556ceb3bcda936a49dd157751c18036d237d87f0fa46,6742
wayback-era-a/domino/19991124224816_b213766ce43e9fba882566b1007bec3b_OpenView_Start_1_Count_30_E.html,https://web.archive.org/web/19991124224816/,b4491a58d254d0528d8a014b91444273e3bb004a59e3bbe1553814f9bb23d62f,6742
wayback-era-a/domino/19991124233552_b213766ce43e9fba882566b1007bec3b_OpenView_Start_1_10_Count_3.html,https://web.archive.org/web/19991124233552/,568eac5dc2a372ededb5fc3c984bfe3366db9dfa673ae66f18fbaba155091c77,2479
wayback-era-a/domino/19991125003030_b213766ce43e9fba882566b1007bec3b_OpenView_Start_1_10_2.html,https://web.archive.org/web/19991125003030/,9f5d45a8532c94bdd2a12f6403259033f9ccc286918a148f7b74dbff4d5d4a12,2740
wayback-era-a/domino/19991205055242_http___civiccenter_ci_sf_ca_us_80_election_EResults_nsf_c382.html,https://web.archive.org/web/19991205055242/,636682ce5da4ef057e5543edca91cc303cf8da6bcd9a1b88178c72ee26d6386d,348
wayback-era-a/domino/19991205073806_http___civiccenter_ci_sf_ca_us_80_election_EResults_nsf_c382.html,https://web.archive.org/web/19991205073806/,cb61baac61399138d2a157e125eb5cb643045dd582254432fd0593d93900d8e9,348
wayback-era-a/domino/19991205091510_http___civiccenter_ci_sf_ca_us_80_election_EResults_nsf_c382.html,https://web.archive.org/web/19991205091510/,f4cad94c35d0dbd7a12c3150a76d418f2de1d0759918286a115b13aeec84defd,348
wayback-era-a/domino/19991205101227_http___civiccenter_ci_sf_ca_us_80_election_EResults_nsf_c382.html,https://web.archive.org/web/19991205101227/,8a4691868d1e829b17088fd2ff8c5253b1d8df2bf69a73bd691b45155e2e00d0,348
wayback-era-a/domino/19991205105427_http___civiccenter_ci_sf_ca_us_80_election_EResults_nsf_c382.html,https://web.archive.org/web/19991205105427/,f057ce0ae728a935f08e1629adbfd54a194dc83f4872fb8c3c41454a1bd506f1,348
wayback-era-a/domino/19991205114738_http___civiccenter_ci_sf_ca_us_80_election_EResults_nsf_d033.html,https://web.archive.org/web/19991205114738/,6fce02e51167126087f2a94b4867ae20c9f8ce8f69c754c5554cc6badbea0f3c,353
wayback-era-a/domino/19991205124342_http___civiccenter_ci_sf_ca_us_80_election_EResults_nsf_d033.html,https://web.archive.org/web/19991205124342/,6ae07c4f92e85b6d286d6045c60dbca184479c18d98ce16f92d8e2e538f84633,353
wayback-era-a/domino/19991205132714_http___civiccenter_ci_sf_ca_us_80_election_EResults_nsf_e474.html,https://web.archive.org/web/19991205132714/,8db02dbcd983e7364e086cc790d2f1f162445e060bd2734968ad1e8de1cfe2dc,344
wayback-era-a/domino/19991205143103_http___civiccenter_ci_sf_ca_us_80_election_EResults_nsf_e474.html,https://web.archive.org/web/19991205143103/,5de98461f8f540e3cf502d5feac7ee9629b1d9df0b25ce48e48299b02bd29ac9,350
wayback-era-a/domino/19991205152347_http___civiccenter_ci_sf_ca_us_80_election_EResults_nsf_f8b3.html,https://web.archive.org/web/19991205152347/,ea201ae0c4ced552551c5a0bf7421695b285fd2507dd4a7d97e735e25e6a8c94,347
wayback-era-a/domino/19991205160935_http___civiccenter_ci_sf_ca_us_80_election_EResults_nsf_f8b3.html,https://web.archive.org/web/19991205160935/,2582b3c54e115c1b24e3e70932b144d0db2c64e6b9369e6e78ad74c6592908d5,352
wayback-era-a/domino/19991205170101_http___civiccenter_ci_sf_ca_us_80_election_EResults_nsf_f8b3.html,https://web.archive.org/web/19991205170101/,84fc3fd3db5f64bd9afeb4ddb4e2a955c6cdbc78e834d74c7bb62a56404f5696,350
wayback-era-a/domino/19991205174741_http___civiccenter_ci_sf_ca_us_80_election_EResults_nsf_f8b3.html,https://web.archive.org/web/19991205174741/,78b78cab1a5291f7707f38b53e9ebbc2c3f277772b47f368a598f2ca678a7eae,347
wayback-era-a/domino/19991205183818_http___civiccenter_ci_sf_ca_us_80_election_EResults_nsf_f8b3.html,https://web.archive.org/web/19991205183818/,917ccd95c6c3c6efde830fb4d9aa406a90e95744cf63b938e6f97ed610fcc411,349
wayback-era-a/domino/19991205192109_http___civiccenter_ci_sf_ca_us_80_election_EResults_nsf_f8b3.html,https://web.archive.org/web/19991205192109/,db05fc8623c7adbc4f2cc8e2e52da55cbdf348367c86316bd3beefb1f60c494e,347
wayback-era-a/domino/19991205201604_http___civiccenter_ci_sf_ca_us_80_election_EResults_nsf_f8b3.html,https://web.archive.org/web/19991205201604/,de74ab82a973b89f5cb7cb938d8c5886869afb7274e9da7cb073b63ef7629203,349
wayback-era-a/domino/19991205222420_c3820b9f323d8a75882566b1007bec2f_OpenView_Start_1_Count_30_E.html,https://web.archive.org/web/19991205222420/,adf0f0916462fb11245a528cf95ba75a77c1ab18211b7daf64aafd06220aab4f,4277
wayback-era-a/domino/19991205225530_d033ea3ff4f8b489882566b1007bec30_OpenView_Start_1_Count_30_E.html,https://web.archive.org/web/19991205225530/,4d79070e42a3fa03237dbe794e8a5360159602860fa9a66060d2e21a6c72d853,3380
wayback-era-a/domino/19991205234649_e474830b079d5a74882566b1007bec43_OpenView_Start_1_Count_30_E.html,https://web.archive.org/web/19991205234649/,4eb2ecd9055d5ada4de8c0db6372cfc7aa38edc0a08a317d745d477e87adf59f,3387
wayback-era-a/domino/19991206004231_f8b3ab2616b5d297882566b1007bec39_OpenView_Start_1_Count_30_E.html,https://web.archive.org/web/19991206004231/,db7d7fc44441ac170bab357a18b5cd18bffb67735380851b46e29fadf7006c2e,4505
wayback-era-a/domino/19991206013840_f8b3ab2616b5d297882566b1007bec39_OpenView_Start_1_Count_30_E.html,https://web.archive.org/web/19991206013840/,6f9e86be31a48396a5e8eee36a1fd776fdafd90a2817759cceafe706582b7f7e,4505
wayback-era-a/domino/19991206023122_f8b3ab2616b5d297882566b1007bec39_OpenView_Start_1_Count_30_E.html,https://web.archive.org/web/19991206023122/,4c6459f9d5d889d124d3bfb1bb08809b9a7931775beb76cade1bf948432c24eb,4505
wayback-era-a/domino/19991206032943_f8b3ab2616b5d297882566b1007bec39_OpenView_Start_1_Count_30_E.html,https://web.archive.org/web/19991206032943/,5137239da19e8e7226db88c6ae315c30bf4afe496a537cca44c7e137e3766bda,4505
wayback-era-a/domino/19991206040831_f8b3ab2616b5d297882566b1007bec39_OpenView_Start_1_Count_30_E.html,https://web.archive.org/web/19991206040831/,7d1b840f83132e22992082d3b55b9f750d21d8485afc70b93918032421d4277c,3898
wayback-era-a/domino/19991211191600_f8b3ab2616b5d297882566b1007bec39_OpenView_Start_1_Count_30_E.html,https://web.archive.org/web/19991211191600/,2d491be5989f236b8435df8571aab3b816a078235a2fee34db92eb23f129cb27,3896
doe-archives/historical.exe,https://web.archive.org/web/20031021013056/http://www.sfgov.org:80/site/uploadedfiles/election/docs/historical.exe,030f289bc9a26c6148dab5acccd6a528fb0b044f203ad568ee26ab970e91c8fe,112026
doe-archives/sf000307.exe,https://web.archive.org/web/20051122184132/http://www.sfgov.org:80/site/uploadedfiles/election/docs/sf000307.exe,9b80382cdf13aa1659466ebfe04e6beb2599869be3418def7f706e1cad0f3659,1198532
doe-archives/sf020305.exe,https://web.archive.org/web/20031228073853/http://www.sfgov.org:80/site/uploadedfiles/election/docs/sf020305.exe,32db497bdf9f4ae5f1d57739aea56d5719904c3a0271a62580a35c3d3fbe6e76,1360896
doe-archives/sf021105.exe,https://web.archive.org/web/20031228073642/http://www.sfgov.org:80/site/uploadedfiles/election/docs/sf021105.exe,b5140433b209f6e15fcbdf16555cf66b0c2e51d4cf495461486e75555c97e402,948847
doe-archives/sf951107.exe,https://web.archive.org/web/20031021013153/http://www.sfgov.org:80/site/uploadedfiles/election/docs/sf951107.exe,6a56b8347cacf8f1c18b5af2ec3b0b95041898ed45a7753ab279df1521198c15,529428
doe-archives/sf951212.exe,https://web.archive.org/web/20031020225146/http://www.sfgov.org:80/site/uploadedfiles/election/docs/sf951212.exe,f44f7f054cd1af8c79b33e7f07be7427d2e76dc44272d22d6a57c1ec0fe106b2,62262
doe-archives/sf960326.exe,https://web.archive.org/web/20031228074825/http://www.sfgov.org:80/site/uploadedfiles/election/docs/sf960326.exe,cea6e10efbbf58638b754b6668debab3fc4bbac9b04074d7c1c52852daf588b9,885604
doe-archives/sf961105.exe,https://web.archive.org/web/20031228074505/http://www.sfgov.org:80/site/uploadedfiles/election/docs/sf961105.exe,0aff7c2babe942882fdbb2ad74435a403818ddfb568476dfbb87b1687cee1796,951073
doe-archives/sf970603.exe,https://web.archive.org/web/20031228074351/http://www.sfgov.org:80/site/uploadedfiles/election/docs/sf970603.exe,314214f1cf2a26e923bc5cf3a2cd7e2077d97473cfb35e7232ff39485cafeac4,115495
doe-archives/sf971104.exe,https://web.archive.org/web/20031020230031/http://www.sfgov.org:80/site/uploadedfiles/election/docs/sf971104.exe,981289542c01dc5f6ca640068d46273fa9b155809d0bb859841a0d803975bbff,324432
doe-archives/sf980602.exe,https://web.archive.org/web/20031228074518/http://www.sfgov.org:80/site/uploadedfiles/election/docs/sf980602.exe,52e02c523d4fae707c897ae51d3fbe0a1bf0ead4517d44b549fc06b5a9e9c1ed,1200437
doe-archives/sf981103.exe,https://web.archive.org/web/20031228074701/http://www.sfgov.org:80/site/uploadedfiles/election/docs/sf981103.exe,dd5a6e1d123b7649878c6e7a0136cc815d11e38e5494c43d09fdec83c005c2c1,1479890
doe-archives/sf991214.exe,https://web.archive.org/web/20031020231234/http://www.sfgov.org:80/site/uploadedfiles/election/docs/sf991214.exe,e0f5d0fb44f53676e487915c12ec7909a8d8f610c1177fe948cc85e69fea6d8e,81161
doe-archives/extracted/historical/Ballot Propostion.xls,extracted from doe-archives/historical.exe,a4e7c6ba998b0f22c455f9af0ae691b54190250e40b347f7f80d9c752b9fd701,250368
doe-archives/extracted/historical/Ballot Symbols.doc,extracted from doe-archives/historical.exe,7114251e0ad9158917886737849941a0c28308af284abf59bd4d46a730f74b91,24064
doe-archives/extracted/sf000307/sf000307.xls,extracted from doe-archives/sf000307.exe,7542e33033a97a8fd34c4067b251686e00b1dce60be733a1aa8cad3a6ae70318,5660672
doe-archives/extracted/sf020305/sf020305.xls,extracted from doe-archives/sf020305.exe,7e358e975e5df0d4c2c04040933057446229018b994732ce2c8cdce5170cc853,7099392
doe-archives/extracted/sf021105/sf021105.xls,extracted from doe-archives/sf021105.exe,b5bdcef7bd6cd352fa6450aa92ce2c4b639af072ea89e7e12f129bf8b479c28c,3521024
doe-archives/extracted/sf951107/SF951107.xls,extracted from doe-archives/sf951107.exe,c51e1a5a8ae7d14cb46480ac3342e0bb3158ef2d5705e1be8091fda9880ab606,1493504
doe-archives/extracted/sf951212/SF951212.xls,extracted from doe-archives/sf951212.exe,095192b38aa2b06a47f3189aea1b14a5ca75538d6b68ac105c2142c1198f56c8,152064
doe-archives/extracted/sf960326/SF960326.xls,extracted from doe-archives/sf960326.exe,78387c43ac6ffc918e7858249e76eda4f6ab0f26e2e0988c6fe82191e8353239,3335680
doe-archives/extracted/sf961105/SF961105.xls,extracted from doe-archives/sf961105.exe,9b629d516496a882372cfb361e3a011fbe09f35cc74ac825ed7423c6a44f4fa1,2798080
doe-archives/extracted/sf970603/SF970603.xls,extracted from doe-archives/sf970603.exe,a90ee31ad6c95e08c0cc419386a5d82266d813697e542c9a65ff70a1055c299b,315392
doe-archives/extracted/sf971104/SF971104.xls,extracted from doe-archives/sf971104.exe,242047f42c9e1559c2e4528ffcde0605d32c9dbdda2db48730088972ffd7a539,1065472
doe-archives/extracted/sf980602/SF980602.xls,extracted from doe-archives/sf980602.exe,8f6453be5ae0d3237b2f57475ecf2c448a52096181379c89a968478dd525f457,4519936
doe-archives/extracted/sf981103/SF981103.xls,extracted from doe-archives/sf981103.exe,ebdc7bb1d65ff579dc390383d9bad229985c584536d16988b6262bdd98d2653e,4988928
doe-archives/extracted/sf991214/sf991214.xls,extracted from doe-archives/sf991214.exe,39cad928a3233965c9f60bf0f998ab21d3608c426c6949fc1c5c6d4249de858a,215552
